learning_rate,exec_time,training_loss
0.0001,125.62771099999999,1.15096188984
